,SAMPLE,THICKNESS mm,SLITLENGTH mm,SLITWIDTH mm,HPIXELSIZE mm,VPIXELSIZE mm,MIN,MAX
0,152.0,2.11,2.0,0.026746,0.021167,0.021167,95.0,163.0
1,81.0,2.278,2.0,0.021885,0.021167,0.021167,71.0,138.0
2,163.0,2.401,2.0,0.027995,0.021167,0.021167,64.0,146.0
